SampleID,PlateNo,Species,ACE2_genotype,Locality,Latitude,Longitude,GenePopID,GenePop,Site
ANAST001,#04,Culex quinquefasciatus,Cxq/Cxq,"Anastasia, FL",29.903108,-81.400743,"ANAST001,",002002,ANAFL
ANAST002,#04,Culex quinquefasciatus,Cxq/Cxq,"Anastasia, FL",29.903108,-81.400743,"ANAST002,",002002,ANAFL
ANAST003,#04,Culex quinquefasciatus,Cxq/Cxq,"Anastasia, FL",29.903108,-81.400743,"ANAST003,",002002,ANAFL
ANAST004,#04,Culex quinquefasciatus,Cxq/Cxq,"Anastasia, FL",29.903108,-81.400743,"ANAST004,",002002,ANAFL
ANAST005,#04,Culex quinquefasciatus,Cxq/Cxq,"Anastasia, FL",29.903108,-81.400743,"ANAST005,",002002,ANAFL
ANAST006,#04,Culex quinquefasciatus,Cxq/Cxq,"Anastasia, FL",29.903108,-81.400743,"ANAST006,",002002,ANAFL
ANAST007,#04,Culex quinquefasciatus,Cxq/Cxq,"Anastasia, FL",29.903108,-81.400743,"ANAST007,",002002,ANAFL
ANAST008,#04,Culex quinquefasciatus,Cxq/Cxq,"Anastasia, FL",29.903108,-81.400743,"ANAST008,",002002,ANAFL
ANAST009,#04,NA,NA,"Anastasia, FL",29.903108,-81.400743,"ANAST009,",000000,ANAFL
ANAST010,#04,Culex quinquefasciatus,Cxq/Cxq,"Anastasia, FL",29.903108,-81.400743,"ANAST010,",002002,ANAFL
ANAST011,#04,Culex quinquefasciatus,Cxq/Cxq,"Anastasia, FL",29.903108,-81.400743,"ANAST011,",002002,ANAFL
ANAST012,#04,Culex quinquefasciatus,Cxq/Cxq,"Anastasia, FL",29.903108,-81.400743,"ANAST012,",002002,ANAFL
ANAST013,#04,Culex quinquefasciatus,Cxq/Cxq,"Anastasia, FL",29.903108,-81.400743,"ANAST013,",002002,ANAFL
ANAST014,#04,Culex quinquefasciatus,Cxq/Cxq,"Anastasia, FL",29.903108,-81.400743,"ANAST014,",002002,ANAFL
ANAST015,#04,Culex quinquefasciatus,Cxq/Cxq,"Anastasia, FL",29.903108,-81.400743,"ANAST015,",002002,ANAFL
ANAST016,#04,Culex quinquefasciatus,Cxq/Cxq,"Anastasia, FL",29.903108,-81.400743,"ANAST016,",002002,ANAFL
ANAST017,#04,Culex quinquefasciatus,Cxq/Cxq,"Anastasia, FL",29.903108,-81.400743,"ANAST017,",002002,ANAFL
ANAST018,#04,Culex quinquefasciatus,Cxq/Cxq,"Anastasia, FL",29.903108,-81.400743,"ANAST018,",002002,ANAFL
ANAST019,#04,Culex quinquefasciatus,Cxq/Cxq,"Anastasia, FL",29.903108,-81.400743,"ANAST019,",002002,ANAFL
ANAST020,#04,Culex quinquefasciatus,Cxq/Cxq,"Anastasia, FL",29.903108,-81.400743,"ANAST020,",002002,ANAFL
BARMA001,#02,Culex pipiens pipiens,Cxp/Cxp,"Barnstable County, MA",41.793615,-69.994266,"BARMA001,",001001,BARMA
BARMA002,#02,Culex pipiens pipiens,Cxp/Cxp,"Barnstable County, MA",41.793615,-69.994266,"BARMA002,",001001,BARMA
BARMA003,#02,Culex pipiens pipiens,Cxp/Cxp,"Barnstable County, MA",41.793615,-69.994266,"BARMA003,",001001,BARMA
BARMA004,#02,Culex pipiens pipiens,Cxp/Cxp,"Barnstable County, MA",41.793615,-69.994266,"BARMA004,",001001,BARMA
BARMA005,#02,Culex pipiens pipiens,Cxp/Cxp,"Barnstable County, MA",41.793615,-69.994266,"BARMA005,",001001,BARMA
BARMA006,#02,Culex pipiens pipiens,Cxp/Cxp,"Barnstable County, MA",41.793615,-69.994266,"BARMA006,",001001,BARMA
BARMA007,#02,Culex pipiens pipiens,Cxp/Cxp,"Barnstable County, MA",41.793615,-69.994266,"BARMA007,",001001,BARMA
BARMA008,#02,Culex pipiens pipiens,Cxp/Cxp,"Barnstable County, MA",41.793615,-69.994266,"BARMA008,",001001,BARMA
BARMA009,#02,Culex pipiens pipiens,Cxp/Cxp,"Barnstable County, MA",41.793615,-69.994266,"BARMA009,",001001,BARMA
BARMA010,#02,Culex pipiens pipiens,Cxp/Cxp,"Barnstable County, MA",41.793615,-69.994266,"BARMA010,",001001,BARMA
BARMA011,#02,Culex pipiens pipiens,Cxp/Cxp,"Barnstable County, MA",41.793615,-69.994266,"BARMA011,",001001,BARMA
BARMA012,#02,Culex pipiens pipiens,Cxp/Cxp,"Barnstable County, MA",41.793615,-69.994266,"BARMA012,",001001,BARMA
BYRWA001,#01,Culex pipiens pipiens,Cxp/Cxp,"Byron, WA (Byron Pond)",46.193,-119.899,"BYRWA001,",001001,BYRWA
BYRWA002,#01,Culex pipiens pipiens,Cxp/Cxp,"Byron, WA (Byron Pond)",46.193,-119.899,"BYRWA002,",001001,BYRWA
BYRWA003,#01,Culex pipiens pipiens,Cxp/Cxp,"Byron, WA (Byron Pond)",46.193,-119.899,"BYRWA003,",001001,BYRWA
BYRWA004,#01,Culex pipiens pipiens,Cxp/Cxp,"Byron, WA (Byron Pond)",46.193,-119.899,"BYRWA004,",001001,BYRWA
BYRWA005,#01,Culex pipiens pipiens,Cxp/Cxp,"Byron, WA (Byron Pond)",46.193,-119.899,"BYRWA005,",001001,BYRWA
BYRWA006,#01,Culex pipiens pipiens,Cxp/Cxp,"Byron, WA (Byron Pond)",46.193,-119.899,"BYRWA006,",001001,BYRWA
BYRWA007,#01,Culex pipiens pipiens,Cxp/Cxp,"Byron, WA (Byron Pond)",46.193,-119.899,"BYRWA007,",001001,BYRWA
BYRWA008,#01,Culex pipiens pipiens,Cxp/Cxp,"Byron, WA (Byron Pond)",46.193,-119.899,"BYRWA008,",001001,BYRWA
BYRWA009,#01,Culex pipiens pipiens,Cxp/Cxp,"Byron, WA (Byron Pond)",46.193,-119.899,"BYRWA009,",001001,BYRWA
BYRWA010,#01,Culex pipiens pipiens,Cxp/Cxp,"Byron, WA (Byron Pond)",46.193,-119.899,"BYRWA010,",001001,BYRWA
BYRWA011,#01,Culex pipiens pipiens,Cxp/Cxp,"Byron, WA (Byron Pond)",46.193,-119.899,"BYRWA011,",001001,BYRWA
BYRWA012,#01,Culex pipiens pipiens,Cxp/Cxp,"Byron, WA (Byron Pond)",46.193,-119.899,"BYRWA012,",001001,BYRWA
BYRWA013,#01,Culex pipiens pipiens,Cxp/Cxp,"Byron, WA (Byron Pond)",46.193,-119.899,"BYRWA013,",001001,BYRWA
BYRWA014,#01,Culex pipiens pipiens,Cxp/Cxp,"Byron, WA (Byron Pond)",46.193,-119.899,"BYRWA014,",001001,BYRWA
BYRWA015,#01,Culex pipiens pipiens,Cxp/Cxp,"Byron, WA (Byron Pond)",46.193,-119.899,"BYRWA015,",001001,BYRWA
BYRWA016,#01,Culex pipiens pipiens,Cxp/Cxp,"Byron, WA (Byron Pond)",46.193,-119.899,"BYRWA016,",001001,BYRWA
BYRWA017,#01,Culex pipiens pipiens,Cxp/Cxp,"Byron, WA (Byron Pond)",46.193,-119.899,"BYRWA017,",001001,BYRWA
BYRWA018,#01,Culex pipiens pipiens,Cxp/Cxp,"Byron, WA (Byron Pond)",46.193,-119.899,"BYRWA018,",001001,BYRWA
BYRWA019,#01,Culex pipiens pipiens,Cxp/Cxp,"Byron, WA (Byron Pond)",46.193,-119.899,"BYRWA019,",001001,BYRWA
BYRWA020,#01,Culex pipiens pipiens,Cxp/Cxp,"Byron, WA (Byron Pond)",46.193,-119.899,"BYRWA020,",001001,BYRWA
BYRWA021,#03,Culex pipiens pipiens,Cxp/Cxp,"Byron, WA (Byron Pond)",46.193,-119.899,"BYRWA021,",001001,BYRWA
BYRWA022,#03,Culex pipiens pipiens,Cxp/Cxp,"Byron, WA (Byron Pond)",46.193,-119.899,"BYRWA022,",001001,BYRWA
BYRWA023,#03,Culex pipiens pipiens,Cxp/Cxp,"Byron, WA (Byron Pond)",46.193,-119.899,"BYRWA023,",001001,BYRWA
BYRWA024,#03,Culex pipiens pipiens,Cxp/Cxp,"Byron, WA (Byron Pond)",46.193,-119.899,"BYRWA024,",001001,BYRWA
BYRWA025,#03,Culex pipiens pipiens,Cxp/Cxp,"Byron, WA (Byron Pond)",46.193,-119.899,"BYRWA025,",001001,BYRWA
BYRWA026,#03,NA,NA,"Byron, WA (Byron Pond)",46.193,-119.899,"BYRWA026,",000000,BYRWA
BYRWA027,#03,Culex pipiens pipiens,Cxp/Cxp,"Byron, WA (Byron Pond)",46.193,-119.899,"BYRWA027,",001001,BYRWA
BYRWA028,#03,Culex pipiens pipiens,Cxp/Cxp,"Byron, WA (Byron Pond)",46.193,-119.899,"BYRWA028,",001001,BYRWA
BYRWA029,#03,Culex pipiens pipiens,Cxp/Cxp,"Byron, WA (Byron Pond)",46.193,-119.899,"BYRWA029,",001001,BYRWA
BYRWA030,#03,Culex pipiens pipiens,Cxp/Cxp,"Byron, WA (Byron Pond)",46.193,-119.899,"BYRWA030,",001001,BYRWA
BYRWA031,#03,Culex pipiens pipiens,Cxp/Cxp,"Byron, WA (Byron Pond)",46.193,-119.899,"BYRWA031,",001001,BYRWA
BYRWA032,#03,Culex pipiens pipiens,Cxp/Cxp,"Byron, WA (Byron Pond)",46.193,-119.899,"BYRWA032,",001001,BYRWA
BYRWA033,#03,Culex pipiens pipiens,Cxp/Cxp,"Byron, WA (Byron Pond)",46.193,-119.899,"BYRWA033,",001001,BYRWA
BYRWA034,#03,hybrid,Cxp/Cxq,"Byron, WA (Byron Pond)",46.193,-119.899,"BYRWA034,",001002,BYRWA
BYRWA035,#03,hybrid,Cxp/Cxq,"Byron, WA (Byron Pond)",46.193,-119.899,"BYRWA035,",001002,BYRWA
BYRWA036,#03,Culex pipiens pipiens,Cxp/Cxp,"Byron, WA (Byron Pond)",46.193,-119.899,"BYRWA036,",001001,BYRWA
BYRWA037,#03,Culex pipiens pipiens,Cxp/Cxp,"Byron, WA (Byron Pond)",46.193,-119.899,"BYRWA037,",001001,BYRWA
BYRWA038,#03,Culex pipiens pipiens,Cxp/Cxp,"Byron, WA (Byron Pond)",46.193,-119.899,"BYRWA038,",001001,BYRWA
BYRWA039,#03,Culex pipiens pipiens,Cxp/Cxp,"Byron, WA (Byron Pond)",46.193,-119.899,"BYRWA039,",001001,BYRWA
BYRWA040,#03,Culex pipiens pipiens,Cxp/Cxp,"Byron, WA (Byron Pond)",46.193,-119.899,"BYRWA040,",001001,BYRWA
COSTX021,#04,Culex quinquefasciatus,Cxq/Cxq,"College Station, TX",30.60044,-96.26893,"COSTX021,",002002,COSTX
COSTX022,#04,Culex quinquefasciatus,Cxq/Cxq,"College Station, TX",30.60044,-96.26893,"COSTX022,",002002,COSTX
COSTX023,#04,hybrid,Cxp/Cxq,"College Station, TX",30.60044,-96.26893,"COSTX023,",001002,COSTX
COSTX024,#04,Culex quinquefasciatus,Cxq/Cxq,"College Station, TX",30.60044,-96.26893,"COSTX024,",002002,COSTX
COSTX025,#04,Culex quinquefasciatus,Cxq/Cxq,"College Station, TX",30.60044,-96.26893,"COSTX025,",002002,COSTX
COSTX026,#04,Culex quinquefasciatus,Cxq/Cxq,"College Station, TX",30.60044,-96.26893,"COSTX026,",002002,COSTX
COSTX027,#04,Culex quinquefasciatus,Cxq/Cxq,"College Station, TX",30.60044,-96.26893,"COSTX027,",002002,COSTX
COSTX028,#04,Culex quinquefasciatus,Cxq/Cxq,"College Station, TX",30.60044,-96.26893,"COSTX028,",002002,COSTX
COSTX029,#04,Culex quinquefasciatus,Cxq/Cxq,"College Station, TX",30.60044,-96.26893,"COSTX029,",002002,COSTX
COSTX030,#04,Culex quinquefasciatus,Cxq/Cxq,"College Station, TX",30.60044,-96.26893,"COSTX030,",002002,COSTX
COSTX031,#04,hybrid,Cxp/Cxq,"College Station, TX",30.60044,-96.26893,"COSTX031,",001002,COSTX
COSTX032,#04,Culex quinquefasciatus,Cxq/Cxq,"College Station, TX",30.60044,-96.26893,"COSTX032,",002002,COSTX
COSTX033,#04,Culex quinquefasciatus,Cxq/Cxq,"College Station, TX",30.60044,-96.26893,"COSTX033,",002002,COSTX
COSTX034,#04,Culex quinquefasciatus,Cxq/Cxq,"College Station, TX",30.60044,-96.26893,"COSTX034,",002002,COSTX
COSTX035,#04,Culex quinquefasciatus,Cxq/Cxq,"College Station, TX",30.60044,-96.26893,"COSTX035,",002002,COSTX
COSTX036,#04,Culex quinquefasciatus,Cxq/Cxq,"College Station, TX",30.60044,-96.26893,"COSTX036,",002002,COSTX
COSTX037,#04,Culex quinquefasciatus,Cxq/Cxq,"College Station, TX",30.60044,-96.26893,"COSTX037,",002002,COSTX
COSTX038,#04,hybrid,Cxp/Cxq,"College Station, TX",30.60044,-96.26893,"COSTX038,",001002,COSTX
COSTX039,#04,Culex quinquefasciatus,Cxq/Cxq,"College Station, TX",30.60044,-96.26893,"COSTX039,",002002,COSTX
COSTX040,#04,Culex quinquefasciatus,Cxq/Cxq,"College Station, TX",30.60044,-96.26893,"COSTX040,",002002,COSTX
HUNNJ001,#04,NA,NA,"Hunterdon, NJ",40.539588,-74.834616,"HUNNJ001,",000000,HUNNJ
HUNNJ002,#04,hybrid,Cxp/Cxq,"Hunterdon, NJ",40.539588,-74.834616,"HUNNJ002,",001002,HUNNJ
HUNNJ003,#04,Culex pipiens pipiens,Cxp/Cxp,"Hunterdon, NJ",40.539588,-74.834616,"HUNNJ003,",001001,HUNNJ
HUNNJ004,#04,Culex quinquefasciatus,Cxq/Cxq,"Hunterdon, NJ",40.539588,-74.834616,"HUNNJ004,",002002,HUNNJ
HUNNJ005,#04,Culex pipiens pipiens,Cxp/Cxp,"Hunterdon, NJ",40.539588,-74.834616,"HUNNJ005,",001001,HUNNJ
HUNNJ006,#04,Culex pipiens pipiens,Cxp/Cxp,"Hunterdon, NJ",40.539588,-74.834616,"HUNNJ006,",001001,HUNNJ
HUNNJ007,#04,Culex pipiens pipiens,Cxp/Cxp,"Hunterdon, NJ",40.539588,-74.834616,"HUNNJ007,",001001,HUNNJ
HUNNJ008,#04,Culex pipiens pipiens,Cxp/Cxp,"Hunterdon, NJ",40.539588,-74.834616,"HUNNJ008,",001001,HUNNJ
HUNNJ009,#04,Culex pipiens pipiens,Cxp/Cxp,"Hunterdon, NJ",40.539588,-74.834616,"HUNNJ009,",001001,HUNNJ
HUNNJ010,#04,Culex pipiens pipiens,Cxp/Cxp,"Hunterdon, NJ",40.539588,-74.834616,"HUNNJ010,",001001,HUNNJ
HUNNJ011,#04,Culex pipiens pipiens,Cxp/Cxp,"Hunterdon, NJ",40.539588,-74.834616,"HUNNJ011,",001001,HUNNJ
HUNNJ012,#04,Culex pipiens pipiens,Cxp/Cxp,"Hunterdon, NJ",40.539588,-74.834616,"HUNNJ012,",001001,HUNNJ
HUNNJ013,#04,Culex pipiens pipiens,Cxp/Cxp,"Hunterdon, NJ",40.539588,-74.834616,"HUNNJ013,",001001,HUNNJ
HUNNJ014,#04,Culex pipiens pipiens,Cxp/Cxp,"Hunterdon, NJ",40.539588,-74.834616,"HUNNJ014,",001001,HUNNJ
HUNNJ015,#04,Culex pipiens pipiens,Cxp/Cxp,"Hunterdon, NJ",40.539588,-74.834616,"HUNNJ015,",001001,HUNNJ
HUNNJ016,#04,Culex pipiens pipiens,Cxp/Cxp,"Hunterdon, NJ",40.539588,-74.834616,"HUNNJ016,",001001,HUNNJ
HUNNJ017,#04,Culex pipiens pipiens,Cxp/Cxp,"Hunterdon, NJ",40.539588,-74.834616,"HUNNJ017,",001001,HUNNJ
HUNNJ018,#04,Culex pipiens pipiens,Cxp/Cxp,"Hunterdon, NJ",40.539588,-74.834616,"HUNNJ018,",001001,HUNNJ
HUNNJ019,#04,hybrid,Cxp/Cxq,"Hunterdon, NJ",40.539588,-74.834616,"HUNNJ019,",001002,HUNNJ
HUNNJ020,#04,Culex pipiens pipiens,Cxp/Cxp,"Hunterdon, NJ",40.539588,-74.834616,"HUNNJ020,",001001,HUNNJ
LINCA001,#01,Culex pipiens pipiens,Cxp/Cxp,"Lincoln, CA (Sierra Pacific Logdecks)",38.904465,-121.306331,"LINCA001,",001001,LINCA1
LINCA002,#01,Culex pipiens pipiens,Cxp/Cxp,"Lincoln, CA (Sierra Pacific Logdecks)",38.904465,-121.306331,"LINCA002,",001001,LINCA1
LINCA003,#01,Culex pipiens pipiens,Cxp/Cxp,"Lincoln, CA (Sierra Pacific Logdecks)",38.904465,-121.306331,"LINCA003,",001001,LINCA1
LINCA004,#01,Culex pipiens pipiens,Cxp/Cxp,"Lincoln, CA (Sierra Pacific Logdecks)",38.904465,-121.306331,"LINCA004,",001001,LINCA1
LINCA005,#01,Culex pipiens pipiens,Cxp/Cxp,"Lincoln, CA (Sierra Pacific Logdecks)",38.904465,-121.306331,"LINCA005,",001001,LINCA1
LINCA006,#01,Culex pipiens pipiens,Cxp/Cxp,"Lincoln, CA (Sierra Pacific Logdecks)",38.904465,-121.306331,"LINCA006,",001001,LINCA1
LINCA007,#01,Culex pipiens pipiens,Cxp/Cxp,"Lincoln, CA (Sierra Pacific Logdecks)",38.904465,-121.306331,"LINCA007,",001001,LINCA1
LINCA008,#01,Culex pipiens pipiens,Cxp/Cxp,"Lincoln, CA (Sierra Pacific Logdecks)",38.904465,-121.306331,"LINCA008,",001001,LINCA1
LINCA009,#01,Culex pipiens pipiens,Cxp/Cxp,"Lincoln, CA (Sierra Pacific Logdecks)",38.904465,-121.306331,"LINCA009,",001001,LINCA1
LINCA010,#01,Culex pipiens pipiens,Cxp/Cxp,"Lincoln, CA (Sierra Pacific Logdecks)",38.904465,-121.306331,"LINCA010,",001001,LINCA1
LINCA011,#01,Culex pipiens pipiens,Cxp/Cxp,"Lincoln, CA (Sierra Pacific Logdecks)",38.904465,-121.306331,"LINCA011,",001001,LINCA1
LINCA012,#01,Culex pipiens pipiens,Cxp/Cxp,"Lincoln, CA (Sierra Pacific Logdecks)",38.904465,-121.306331,"LINCA012,",001001,LINCA1
LINCA013,#01,Culex pipiens pipiens,Cxp/Cxp,"Lincoln, CA (Sierra Pacific Logdecks)",38.904465,-121.306331,"LINCA013,",001001,LINCA1
LINCA014,#01,Culex pipiens pipiens,Cxp/Cxp,"Lincoln, CA (Sierra Pacific Logdecks)",38.904465,-121.306331,"LINCA014,",001001,LINCA1
LINCA015,#01,Culex pipiens pipiens,Cxp/Cxp,"Lincoln, CA (Sierra Pacific Logdecks)",38.904465,-121.306331,"LINCA015,",001001,LINCA1
LINCA016,#01,Culex pipiens pipiens,Cxp/Cxp,"Lincoln, CA (Sierra Pacific Logdecks)",38.904465,-121.306331,"LINCA016,",001001,LINCA1
LINCA017,#01,Culex pipiens pipiens,Cxp/Cxp,"Lincoln, CA (Sierra Pacific Logdecks)",38.904465,-121.306331,"LINCA017,",001001,LINCA1
LINCA018,#01,Culex pipiens pipiens,Cxp/Cxp,"Lincoln, CA (Sierra Pacific Logdecks)",38.904465,-121.306331,"LINCA018,",001001,LINCA1
LINCA019,#01,Culex pipiens pipiens,Cxp/Cxp,"Lincoln, CA (Sierra Pacific Logdecks)",38.904465,-121.306331,"LINCA019,",001001,LINCA1
LINCA020,#01,Culex pipiens pipiens,Cxp/Cxp,"Lincoln, CA (Sierra Pacific Logdecks)",38.904465,-121.306331,"LINCA020,",001001,LINCA1
LINCA021,#03,Culex pipiens pipiens,Cxp/Cxp,"Lincoln, CA (Lincoln Ranch)",38.860851,-121.45005,"LINCA021,",001001,LINCA2
LINCA022,#03,Culex pipiens pipiens,Cxp/Cxp,"Lincoln, CA (Lincoln Ranch)",38.860851,-121.45005,"LINCA022,",001001,LINCA2
LINCA023,#03,Culex pipiens pipiens,Cxp/Cxp,"Lincoln, CA (Lincoln Ranch)",38.860851,-121.45005,"LINCA023,",001001,LINCA2
LINCA024,#03,Culex pipiens pipiens,Cxp/Cxp,"Lincoln, CA (Lincoln Ranch)",38.860851,-121.45005,"LINCA024,",001001,LINCA2
LINCA025,#03,Culex pipiens pipiens,Cxp/Cxp,"Lincoln, CA (Lincoln Ranch)",38.860851,-121.45005,"LINCA025,",001001,LINCA2
LINCA026,#03,Culex pipiens pipiens,Cxp/Cxp,"Lincoln, CA (Lincoln Ranch)",38.860851,-121.45005,"LINCA026,",001001,LINCA2
LINCA027,#03,Culex pipiens pipiens,Cxp/Cxp,"Lincoln, CA (Lincoln Ranch)",38.860851,-121.45005,"LINCA027,",001001,LINCA2
LINCA028,#03,Culex pipiens pipiens,Cxp/Cxp,"Lincoln, CA (Lincoln Ranch)",38.860851,-121.45005,"LINCA028,",001001,LINCA2
LINCA029,#03,hybrid,Cxp/Cxq,"Lincoln, CA (Lincoln Ranch)",38.860851,-121.45005,"LINCA029,",001002,LINCA2
LINCA030,#03,Culex pipiens pipiens,Cxp/Cxp,"Lincoln, CA (Lincoln Ranch)",38.860851,-121.45005,"LINCA030,",001001,LINCA2
LINCA031,#03,Culex pipiens pipiens,Cxp/Cxp,"Lincoln, CA (Lincoln Ranch)",38.860851,-121.45005,"LINCA031,",001001,LINCA2
LINCA032,#03,Culex pipiens pipiens,Cxp/Cxp,"Lincoln, CA (Lincoln Ranch)",38.860851,-121.45005,"LINCA032,",001001,LINCA2
LINCA033,#03,Culex pipiens pipiens,Cxp/Cxp,"Lincoln, CA (Lincoln Ranch)",38.860851,-121.45005,"LINCA033,",001001,LINCA2
LINCA034,#03,Culex pipiens pipiens,Cxp/Cxp,"Lincoln, CA (Lincoln Ranch)",38.860851,-121.45005,"LINCA034,",001001,LINCA2
LINCA035,#03,Culex pipiens pipiens,Cxp/Cxp,"Lincoln, CA (Lincoln Ranch)",38.860851,-121.45005,"LINCA035,",001001,LINCA2
LINCA036,#03,Culex pipiens pipiens,Cxp/Cxp,"Lincoln, CA (Lincoln Ranch)",38.860851,-121.45005,"LINCA036,",001001,LINCA2
LINCA037,#03,hybrid,Cxp/Cxq,"Lincoln, CA (Lincoln Ranch)",38.860851,-121.45005,"LINCA037,",001002,LINCA2
LINCA038,#03,Culex pipiens pipiens,Cxp/Cxp,"Lincoln, CA (Lincoln Ranch)",38.860851,-121.45005,"LINCA038,",001001,LINCA2
LINCA039,#03,Culex pipiens pipiens,Cxp/Cxp,"Lincoln, CA (Lincoln Ranch)",38.860851,-121.45005,"LINCA039,",001001,LINCA2
LINCA040,#03,Culex pipiens pipiens,Cxp/Cxp,"Lincoln, CA (Lincoln Ranch)",38.860851,-121.45005,"LINCA040,",001001,LINCA2
MARAZ001,#02,Culex quinquefasciatus,Cxq/Cxq,"Maricopa, AZ",33.0736167,-111.9737667,"MARAZ001,",002002,MARAZ
MARAZ002,#02,Culex quinquefasciatus,Cxq/Cxq,"Maricopa, AZ",33.0736167,-111.9737667,"MARAZ002,",002002,MARAZ
MARAZ003,#02,Culex quinquefasciatus,Cxq/Cxq,"Maricopa, AZ",33.0736167,-111.9737667,"MARAZ003,",002002,MARAZ
MARAZ004,#02,NA,NA,"Maricopa, AZ",33.0736167,-111.9737667,"MARAZ004,",000000,MARAZ
MARAZ005,#02,Culex quinquefasciatus,Cxq/Cxq,"Maricopa, AZ",33.0736167,-111.9737667,"MARAZ005,",002002,MARAZ
MARAZ006,#02,Culex quinquefasciatus,Cxq/Cxq,"Maricopa, AZ",33.0736167,-111.9737667,"MARAZ006,",002002,MARAZ
MARAZ007,#02,Culex quinquefasciatus,Cxq/Cxq,"Maricopa, AZ",33.0736167,-111.9737667,"MARAZ007,",002002,MARAZ
MARAZ008,#02,Culex quinquefasciatus,Cxq/Cxq,"Maricopa, AZ",33.0736167,-111.9737667,"MARAZ008,",002002,MARAZ
MARAZ009,#02,Culex quinquefasciatus,Cxq/Cxq,"Maricopa, AZ",33.0736167,-111.9737667,"MARAZ009,",002002,MARAZ
MARAZ010,#02,NA,NA,"Maricopa, AZ",33.0736167,-111.9737667,"MARAZ010,",000000,MARAZ
MARAZ011,#02,NA,NA,"Maricopa, AZ",33.0736167,-111.9737667,"MARAZ011,",000000,MARAZ
MARAZ012,#02,NA,NA,"Maricopa, AZ",33.0736167,-111.9737667,"MARAZ012,",000000,MARAZ
MARAZ013,#02,Culex quinquefasciatus,Cxq/Cxq,"Maricopa, AZ",33.0736167,-111.9737667,"MARAZ013,",002002,MARAZ
MARAZ014,#02,Culex quinquefasciatus,Cxq/Cxq,"Maricopa, AZ",33.0736167,-111.9737667,"MARAZ014,",002002,MARAZ
MARAZ015,#02,Culex quinquefasciatus,Cxq/Cxq,"Maricopa, AZ",33.0736167,-111.9737667,"MARAZ015,",002002,MARAZ
MARAZ016,#02,Culex quinquefasciatus,Cxq/Cxq,"Maricopa, AZ",33.0736167,-111.9737667,"MARAZ016,",002002,MARAZ
MARAZ017,#02,Culex quinquefasciatus,Cxq/Cxq,"Maricopa, AZ",33.0736167,-111.9737667,"MARAZ017,",002002,MARAZ
MARAZ018,#02,Culex quinquefasciatus,Cxq/Cxq,"Maricopa, AZ",33.0736167,-111.9737667,"MARAZ018,",002002,MARAZ
MARAZ019,#02,Culex quinquefasciatus,Cxq/Cxq,"Maricopa, AZ",33.0736167,-111.9737667,"MARAZ019,",002002,MARAZ
MARAZ020,#02,Culex quinquefasciatus,Cxq/Cxq,"Maricopa, AZ",33.0736167,-111.9737667,"MARAZ020,",002002,MARAZ
MIAFL001,#04,Culex quinquefasciatus,Cxq/Cxq,"Wynwood, Miami, Miami-Dade County, FL",25.80141,-80.19909,"MIAFL001,",002002,MIAFL1
MIAFL002,#04,Culex quinquefasciatus,Cxq/Cxq,"Wynwood, Miami, Miami-Dade County, FL",25.80141,-80.19909,"MIAFL002,",002002,MIAFL1
MIAFL003,#04,Culex quinquefasciatus,Cxq/Cxq,"Wynwood, Miami, Miami-Dade County, FL",25.80141,-80.19909,"MIAFL003,",002002,MIAFL1
MIAFL004,#04,Culex quinquefasciatus,Cxq/Cxq,"Wynwood, Miami, Miami-Dade County, FL",25.80141,-80.19909,"MIAFL004,",002002,MIAFL1
MIAFL005,#04,Culex quinquefasciatus,Cxq/Cxq,"Wynwood, Miami, Miami-Dade County, FL",25.80141,-80.19909,"MIAFL005,",002002,MIAFL1
MIAFL006,#04,Culex quinquefasciatus,Cxq/Cxq,"North Miami Beach, Miami, Miami-Dade County, FL",25.93315,-80.16255,"MIAFL006,",002002,MIAFL2
MIAFL007,#04,Culex quinquefasciatus,Cxq/Cxq,"North Miami Beach, Miami, Miami-Dade County, FL",25.93315,-80.16255,"MIAFL007,",002002,MIAFL2
MIAFL008,#04,Culex quinquefasciatus,Cxq/Cxq,"North Miami Beach, Miami, Miami-Dade County, FL",25.93315,-80.16255,"MIAFL008,",002002,MIAFL2
MIAFL009,#04,Culex quinquefasciatus,Cxq/Cxq,"North Miami Beach, Miami, Miami-Dade County, FL",25.93315,-80.16255,"MIAFL009,",002002,MIAFL2
MIAFL011,#04,Culex quinquefasciatus,Cxq/Cxq,"Little River, Miami, Miami-Dade County, FL",25.8476,-80.19255,"MIAFL011,",002002,MIAFL3
MIAFL012,#04,Culex quinquefasciatus,Cxq/Cxq,"Little River, Miami, Miami-Dade County, FL",25.8476,-80.19255,"MIAFL012,",002002,MIAFL3
MIAFL013,#04,Culex quinquefasciatus,Cxq/Cxq,"Little River, Miami, Miami-Dade County, FL",25.8476,-80.19255,"MIAFL013,",002002,MIAFL3
MIAFL014,#04,Culex quinquefasciatus,Cxq/Cxq,"Little River, Miami, Miami-Dade County, FL",25.8476,-80.19255,"MIAFL014,",002002,MIAFL3
MIAFL015,#04,Culex quinquefasciatus,Cxq/Cxq,"Little River, Miami, Miami-Dade County, FL",25.8476,-80.19255,"MIAFL015,",002002,MIAFL3
MIAFL016,#04,Culex quinquefasciatus,Cxq/Cxq,"South Beach Miami, Miami-Dade County, FL",25.70785,-80.29564,"MIAFL016,",002002,MIAFL4
MIAFL017,#04,Culex quinquefasciatus,Cxq/Cxq,"South Beach Miami, Miami-Dade County, FL",25.70785,-80.29564,"MIAFL017,",002002,MIAFL4
MIAFL018,#04_B,Culex quinquefasciatus,Cxq/Cxq,"South Beach Miami, Miami-Dade County, FL",25.70785,-80.29564,"MIAFL018,",002002,MIAFL4
MIAFL019,#04_B,Culex quinquefasciatus,Cxq/Cxq,"South Beach Miami, Miami-Dade County, FL",25.70785,-80.29564,"MIAFL019,",002002,MIAFL4
MIAFL020,#04_B,Culex quinquefasciatus,Cxq/Cxq,"South Beach Miami, Miami-Dade County, FL",25.70785,-80.29564,"MIAFL020,",002002,MIAFL4
ROCMD001,#02,Culex pipiens pipiens,Cxp/Cxp,"Rockville, MD",39.057753,-77.130547,"ROCMD001,",001001,ROCMD
ROCMD002,#02,Culex pipiens pipiens,Cxp/Cxp,"Rockville, MD",39.057753,-77.130547,"ROCMD002,",001001,ROCMD
ROCMD003,#02,hybrid,Cxp/Cxq,"Rockville, MD",39.057753,-77.130547,"ROCMD003,",001002,ROCMD
ROCMD004,#02,Culex pipiens pipiens,Cxp/Cxp,"Rockville, MD",39.057753,-77.130547,"ROCMD004,",001001,ROCMD
ROCMD005,#02,Culex pipiens pipiens,Cxp/Cxp,"Rockville, MD",39.057753,-77.130547,"ROCMD005,",001001,ROCMD
ROCMD006,#02,Culex pipiens pipiens,Cxp/Cxp,"Rockville, MD",39.057753,-77.130547,"ROCMD006,",001001,ROCMD
ROCMD007,#02,Culex pipiens pipiens,Cxp/Cxp,"Rockville, MD",39.057753,-77.130547,"ROCMD007,",001001,ROCMD
ROCMD008,#02,Culex pipiens pipiens,Cxp/Cxp,"Rockville, MD",39.057753,-77.130547,"ROCMD008,",001001,ROCMD
ROCMD009,#02,Culex pipiens pipiens,Cxp/Cxp,"Rockville, MD",39.057753,-77.130547,"ROCMD009,",001001,ROCMD
ROCMD010,#02,Culex pipiens pipiens,Cxp/Cxp,"Rockville, MD",39.057753,-77.130547,"ROCMD010,",001001,ROCMD
ROCMD011,#02,Culex pipiens pipiens,Cxp/Cxp,"Rockville, MD",39.057753,-77.130547,"ROCMD011,",001001,ROCMD
ROCMD012,#02,Culex pipiens pipiens,Cxp/Cxp,"Rockville, MD",39.057753,-77.130547,"ROCMD012,",001001,ROCMD
ROCMD013,#02,Culex pipiens pipiens,Cxp/Cxp,"Rockville, MD",39.057753,-77.130547,"ROCMD013,",001001,ROCMD
ROCMD014,#02,hybrid,Cxp/Cxq,"Rockville, MD",39.057753,-77.130547,"ROCMD014,",001002,ROCMD
ROCMD015,#02,hybrid,Cxp/Cxq,"Rockville, MD",39.057753,-77.130547,"ROCMD015,",001002,ROCMD
ROCMD016,#02,Culex pipiens pipiens,Cxp/Cxp,"Rockville, MD",39.057753,-77.130547,"ROCMD016,",001001,ROCMD
ROCMD017,#02,Culex pipiens pipiens,Cxp/Cxp,"Rockville, MD",39.057753,-77.130547,"ROCMD017,",001001,ROCMD
ROCMD018,#02,Culex pipiens pipiens,Cxp/Cxp,"Rockville, MD",39.057753,-77.130547,"ROCMD018,",001001,ROCMD
ROCMD019,#02,Culex pipiens pipiens,Cxp/Cxp,"Rockville, MD",39.057753,-77.130547,"ROCMD019,",001001,ROCMD
ROCMD020,#02,Culex pipiens pipiens,Cxp/Cxp,"Rockville, MD",39.057753,-77.130547,"ROCMD020,",001001,ROCMD
SLCUT001,#01,hybrid,Cxp/Cxq,"Salt Lake City, UT (mix of sites)",40.74804853,-111.9678782,"SLCUT001,",001002,SLCUT
SLCUT002,#01,hybrid,Cxp/Cxq,"Salt Lake City, UT (mix of sites)",40.74804853,-111.9678782,"SLCUT002,",001002,SLCUT
SLCUT003,#01,hybrid,Cxp/Cxq,"Salt Lake City, UT (mix of sites)",40.74804853,-111.9678782,"SLCUT003,",001002,SLCUT
SLCUT004,#01,Culex quinquefasciatus,Cxq/Cxq,"Salt Lake City, UT (mix of sites)",40.74804853,-111.9678782,"SLCUT004,",002002,SLCUT
SLCUT005,#01,Culex quinquefasciatus,Cxq/Cxq,"Salt Lake City, UT (mix of sites)",40.74804853,-111.9678782,"SLCUT005,",002002,SLCUT
SLCUT006,#01,hybrid,Cxp/Cxq,"Salt Lake City, UT (mix of sites)",40.74804853,-111.9678782,"SLCUT006,",001002,SLCUT
SLCUT007,#01,hybrid,Cxp/Cxq,"Salt Lake City, UT (mix of sites)",40.74804853,-111.9678782,"SLCUT007,",001002,SLCUT
SLCUT008,#01,Culex quinquefasciatus,Cxq/Cxq,"Salt Lake City, UT (mix of sites)",40.74804853,-111.9678782,"SLCUT008,",002002,SLCUT
SLCUT009,#01,hybrid,Cxp/Cxq,"Salt Lake City, UT (mix of sites)",40.74804853,-111.9678782,"SLCUT009,",001002,SLCUT
SLCUT010,#01,hybrid,Cxp/Cxq,"Salt Lake City, UT (mix of sites)",40.74804853,-111.9678782,"SLCUT010,",001002,SLCUT
SLCUT011,#01,hybrid,Cxp/Cxq,"Salt Lake City, UT (mix of sites)",40.74804853,-111.9678782,"SLCUT011,",001002,SLCUT
SLCUT012,#01,hybrid,Cxp/Cxq,"Salt Lake City, UT (mix of sites)",40.74804853,-111.9678782,"SLCUT012,",001002,SLCUT
SLCUT013,#01,Culex quinquefasciatus,Cxq/Cxq,"Salt Lake City, UT (mix of sites)",40.74804853,-111.9678782,"SLCUT013,",002002,SLCUT
SLCUT014,#01,hybrid,Cxp/Cxq,"Salt Lake City, UT (mix of sites)",40.74804853,-111.9678782,"SLCUT014,",001002,SLCUT
SLCUT015,#01,Culex quinquefasciatus,Cxq/Cxq,"Salt Lake City, UT (mix of sites)",40.74804853,-111.9678782,"SLCUT015,",002002,SLCUT
SLCUT016,#01,Culex quinquefasciatus,Cxq/Cxq,"Salt Lake City, UT (mix of sites)",40.74804853,-111.9678782,"SLCUT016,",002002,SLCUT
SLCUT017,#01,Culex quinquefasciatus,Cxq/Cxq,"Salt Lake City, UT (mix of sites)",40.74804853,-111.9678782,"SLCUT017,",002002,SLCUT
SLCUT018,#01,hybrid,Cxp/Cxq,"Salt Lake City, UT (mix of sites)",40.74804853,-111.9678782,"SLCUT018,",001002,SLCUT
SLCUT019,#01,Culex pipiens pipiens,Cxp/Cxp,"Salt Lake City, UT (mix of sites)",40.74804853,-111.9678782,"SLCUT019,",001001,SLCUT
SLCUT020,#01,Culex pipiens pipiens,Cxp/Cxp,"Salt Lake City, UT (mix of sites)",40.74804853,-111.9678782,"SLCUT020,",001001,SLCUT
SOMNJ001,#04,NA,NA,"Somerset, NJ",40.533576,-74.586099,"SOMNJ001,",000000,SOMNJ
SOMNJ002,#04,Culex pipiens pipiens,Cxp/Cxp,"Somerset, NJ",40.533576,-74.586099,"SOMNJ002,",001001,SOMNJ
SOMNJ003,#04,hybrid,Cxp/Cxq,"Somerset, NJ",40.533576,-74.586099,"SOMNJ003,",001002,SOMNJ
SOMNJ004,#04,Culex pipiens pipiens,Cxp/Cxp,"Somerset, NJ",40.533576,-74.586099,"SOMNJ004,",001001,SOMNJ
SOMNJ005,#04,Culex pipiens pipiens,Cxp/Cxp,"Somerset, NJ",40.533576,-74.586099,"SOMNJ005,",001001,SOMNJ
SOMNJ006,#04,Culex pipiens pipiens,Cxp/Cxp,"Somerset, NJ",40.533576,-74.586099,"SOMNJ006,",001001,SOMNJ
SOMNJ007,#04,hybrid,Cxp/Cxq,"Somerset, NJ",40.533576,-74.586099,"SOMNJ007,",001002,SOMNJ
SOMNJ008,#04,Culex pipiens pipiens,Cxp/Cxp,"Somerset, NJ",40.533576,-74.586099,"SOMNJ008,",001001,SOMNJ
SOMNJ009,#04,Culex pipiens pipiens,Cxp/Cxp,"Somerset, NJ",40.533576,-74.586099,"SOMNJ009,",001001,SOMNJ
SOMNJ010,#04,NA,NA,"Somerset, NJ",40.533576,-74.586099,"SOMNJ010,",000000,SOMNJ
SOMNJ011,#04,Culex pipiens pipiens,Cxp/Cxp,"Somerset, NJ",40.533576,-74.586099,"SOMNJ011,",001001,SOMNJ
SOMNJ012,#04,NA,NA,"Somerset, NJ",40.533576,-74.586099,"SOMNJ012,",000000,SOMNJ
SOMNJ013,#04,Culex pipiens pipiens,Cxp/Cxp,"Somerset, NJ",40.533576,-74.586099,"SOMNJ013,",001001,SOMNJ
SOMNJ014,#04,NA,NA,"Somerset, NJ",40.533576,-74.586099,"SOMNJ014,",000000,SOMNJ
SOMNJ015,#04,NA,NA,"Somerset, NJ",40.533576,-74.586099,"SOMNJ015,",000000,SOMNJ
SOMNJ016,#04,Culex pipiens pipiens,Cxp/Cxp,"Somerset, NJ",40.533576,-74.586099,"SOMNJ016,",001001,SOMNJ
SOMNJ017,#04,Culex pipiens pipiens,Cxp/Cxp,"Somerset, NJ",40.533576,-74.586099,"SOMNJ017,",001001,SOMNJ
SOMNJ018,#04,hybrid,Cxp/Cxq,"Somerset, NJ",40.533576,-74.586099,"SOMNJ018,",001002,SOMNJ
SOMNJ019,#04,Culex pipiens pipiens,Cxp/Cxp,"Somerset, NJ",40.533576,-74.586099,"SOMNJ019,",001001,SOMNJ
SOMNJ020,#04,Culex pipiens pipiens,Cxp/Cxp,"Somerset, NJ",40.533576,-74.586099,"SOMNJ020,",001001,SOMNJ
SUTCA001,#02,Culex pipiens pipiens,Cxp/Cxp,"Sutter-Yuba, CA",39.166466,-121.598446,"SUTCA001,",001001,SUTCA
SUTCA002,#02,hybrid,Cxp/Cxq,"Sutter-Yuba, CA",39.166466,-121.598446,"SUTCA002,",001002,SUTCA
SUTCA003,#02,Culex pipiens pipiens,Cxp/Cxp,"Sutter-Yuba, CA",39.166466,-121.598446,"SUTCA003,",001001,SUTCA
SUTCA004,#02,NA,NA,"Sutter-Yuba, CA",39.166466,-121.598446,"SUTCA004,",000000,SUTCA
SUTCA005,#02,Culex pipiens pipiens,Cxp/Cxp,"Sutter-Yuba, CA",39.166466,-121.598446,"SUTCA005,",001001,SUTCA
SUTCA006,#02,hybrid,Cxp/Cxq,"Sutter-Yuba, CA",39.166466,-121.598446,"SUTCA006,",001002,SUTCA
SUTCA007,#02,Culex pipiens pipiens,Cxp/Cxp,"Sutter-Yuba, CA",39.166466,-121.598446,"SUTCA007,",001001,SUTCA
SUTCA008,#02,Culex pipiens pipiens,Cxp/Cxp,"Sutter-Yuba, CA",39.166466,-121.598446,"SUTCA008,",001001,SUTCA
SUTCA009,#02,hybrid,Cxp/Cxq,"Sutter-Yuba, CA",39.166466,-121.598446,"SUTCA009,",001002,SUTCA
SUTCA010,#02,hybrid,Cxp/Cxq,"Sutter-Yuba, CA",39.166466,-121.598446,"SUTCA010,",001002,SUTCA
SUTCA011,#02,Culex quinquefasciatus,Cxq/Cxq,"Sutter-Yuba, CA",39.166466,-121.598446,"SUTCA011,",002002,SUTCA
SUTCA012,#02,Culex pipiens pipiens,Cxp/Cxp,"Sutter-Yuba, CA",39.166466,-121.598446,"SUTCA012,",001001,SUTCA
SUTCA013,#02,hybrid,Cxp/Cxq,"Sutter-Yuba, CA",39.166466,-121.598446,"SUTCA013,",001002,SUTCA
SUTCA014,#02,hybrid,Cxp/Cxq,"Sutter-Yuba, CA",39.166466,-121.598446,"SUTCA014,",001002,SUTCA
SUTCA015,#02,Culex pipiens pipiens,Cxp/Cxp,"Sutter-Yuba, CA",39.166466,-121.598446,"SUTCA015,",001001,SUTCA
SUTCA016,#02,NA,NA,"Sutter-Yuba, CA",39.166466,-121.598446,"SUTCA016,",000000,SUTCA
SUTCA017,#02,Culex pipiens pipiens,Cxp/Cxp,"Sutter-Yuba, CA",39.166466,-121.598446,"SUTCA017,",001001,SUTCA
SUTCA018,#02,Culex pipiens pipiens,Cxp/Cxp,"Sutter-Yuba, CA",39.166466,-121.598446,"SUTCA018,",001001,SUTCA
SUTCA019,#02,hybrid,Cxp/Cxq,"Sutter-Yuba, CA",39.166466,-121.598446,"SUTCA019,",001002,SUTCA
SUTCA020,#02,hybrid,Cxp/Cxq,"Sutter-Yuba, CA",39.166466,-121.598446,"SUTCA020,",001002,SUTCA
USUUT001,#03,Culex pipiens pipiens,Cxp/Cxp,"Cache, UT (Hyde Park)",41.79696,-111.82005,"USUUT001,",001001,USUUT
USUUT002,#03,Culex pipiens pipiens,Cxp/Cxp,"Cache, UT (Hyde Park)",41.79696,-111.82005,"USUUT002,",001001,USUUT
USUUT003,#03,Culex pipiens pipiens,Cxp/Cxp,"Cache, UT (Hyde Park)",41.79696,-111.82005,"USUUT003,",001001,USUUT
USUUT004,#03,Culex pipiens pipiens,Cxp/Cxp,"Cache, UT (Hyde Park)",41.79696,-111.82005,"USUUT004,",001001,USUUT
USUUT005,#03,Culex pipiens pipiens,Cxp/Cxp,"Cache, UT (Hyde Park)",41.79696,-111.82005,"USUUT005,",001001,USUUT
USUUT006,#03,Culex pipiens pipiens,Cxp/Cxp,"Cache, UT (Hyde Park)",41.79696,-111.82005,"USUUT006,",001001,USUUT
USUUT007,#03,Culex pipiens pipiens,Cxp/Cxp,"Cache, UT (Hyde Park)",41.79696,-111.82005,"USUUT007,",001001,USUUT
USUUT008,#03,Culex pipiens pipiens,Cxp/Cxp,"Cache, UT (Hyde Park)",41.79696,-111.82005,"USUUT008,",001001,USUUT
USUUT009,#03,Culex pipiens pipiens,Cxp/Cxp,"Cache, UT (Hyde Park)",41.79696,-111.82005,"USUUT009,",001001,USUUT
USUUT010,#03,Culex pipiens pipiens,Cxp/Cxp,"Cache, UT (Hyde Park)",41.79696,-111.82005,"USUUT010,",001001,USUUT
USUUT011,#03,Culex pipiens pipiens,Cxp/Cxp,"Cache, UT (Hyde Park)",41.79696,-111.82005,"USUUT011,",001001,USUUT
USUUT012,#03,Culex pipiens pipiens,Cxp/Cxp,"Cache, UT (Hyde Park)",41.79696,-111.82005,"USUUT012,",001001,USUUT
USUUT013,#03,Culex pipiens pipiens,Cxp/Cxp,"Cache, UT (Hyde Park)",41.79696,-111.82005,"USUUT013,",001001,USUUT
USUUT014,#03,Culex pipiens pipiens,Cxp/Cxp,"Cache, UT (Hyde Park)",41.79696,-111.82005,"USUUT014,",001001,USUUT
USUUT015,#03,Culex pipiens pipiens,Cxp/Cxp,"Cache, UT (Hyde Park)",41.79696,-111.82005,"USUUT015,",001001,USUUT
USUUT016,#03,Culex pipiens pipiens,Cxp/Cxp,"Cache, UT (Hyde Park)",41.79696,-111.82005,"USUUT016,",001001,USUUT
USUUT017,#03,Culex pipiens pipiens,Cxp/Cxp,"Cache, UT (Hyde Park)",41.79696,-111.82005,"USUUT017,",001001,USUUT
USUUT018,#03,Culex pipiens pipiens,Cxp/Cxp,"Cache, UT (Hyde Park)",41.79696,-111.82005,"USUUT018,",001001,USUUT
USUUT019,#03,Culex pipiens pipiens,Cxp/Cxp,"Cache, UT (Hyde Park)",41.79696,-111.82005,"USUUT019,",001001,USUUT
USUUT020,#03,Culex pipiens pipiens,Cxp/Cxp,"Cache, UT (Hyde Park)",41.79696,-111.82005,"USUUT020,",001001,USUUT
STGUT001,#5,Culex quinquefasciatus,Cxq/Cxq,"St. George, Washington County, UT 1",37.179,-113.32,"STGUT001,",002002,STGUT1
STGUT002,#5,Culex quinquefasciatus,Cxq/Cxq,"St. George, Washington County, UT 2",37.179,-113.32,"STGUT002,",002002,STGUT1
STGUT003,#5,Culex quinquefasciatus,Cxq/Cxq,"St. George, Washington County, UT 3",37.179,-113.32,"STGUT003,",002002,STGUT1
STGUT004,#5,Culex quinquefasciatus,Cxq/Cxq,"St. George, Washington County, UT 4",37.179,-113.32,"STGUT004,",002002,STGUT1
STGUT005,#5,Culex quinquefasciatus,Cxq/Cxq,"St. George, Washington County, UT 2",37.11096,-113.60856,"STGUT005,",002002,STGUT2
STGUT006,#5,Culex quinquefasciatus,Cxq/Cxq,"St. George, Washington County, UT 3",37.11096,-113.60856,"STGUT006,",002002,STGUT2
STGUT007,#5,Culex quinquefasciatus,Cxq/Cxq,"St. George, Washington County, UT 4",37.11096,-113.60856,"STGUT007,",002002,STGUT2
STGUT008,#5,Culex quinquefasciatus,Cxq/Cxq,"St. George, Washington County, UT 5",37.11096,-113.60856,"STGUT008,",002002,STGUT2
STGUT009,#5,Culex quinquefasciatus,Cxq/Cxq,"St. George, Washington County, UT 6",37.11096,-113.60856,"STGUT009,",002002,STGUT2
STGUT010,#5,Culex quinquefasciatus,Cxq/Cxq,"St. George, Washington County, UT 7",37.11096,-113.60856,"STGUT010,",002002,STGUT2
STGUT011,#5,Culex quinquefasciatus,Cxq/Cxq,"St. George, Washington County, UT 8",37.11096,-113.60856,"STGUT011,",002002,STGUT2
STGUT012,#5,Culex quinquefasciatus,Cxq/Cxq,"St. George, Washington County, UT 9",37.11096,-113.60856,"STGUT012,",002002,STGUT2
STGUT013,#5,Culex quinquefasciatus,Cxq/Cxq,"St. George, Washington County, UT 3",37.12452,-113.54507,"STGUT013,",002002,STGUT3
STGUT014,#5,Culex quinquefasciatus,Cxq/Cxq,"St. George, Washington County, UT 4",37.12452,-113.54507,"STGUT014,",002002,STGUT3
STGUT015,#5,Culex quinquefasciatus,Cxq/Cxq,"St. George, Washington County, UT 5",37.12452,-113.54507,"STGUT015,",002002,STGUT3
STGUT016,#5,Culex quinquefasciatus,Cxq/Cxq,"St. George, Washington County, UT 6",37.12452,-113.54507,"STGUT016,",002002,STGUT3
STGUT017,#5,Culex quinquefasciatus,Cxq/Cxq,"St. George, Washington County, UT 7",37.12452,-113.54507,"STGUT017,",002002,STGUT3
STGUT018,#5,Culex quinquefasciatus,Cxq/Cxq,"St. George, Washington County, UT 8",37.12452,-113.54507,"STGUT018,",002002,STGUT3
STGUT019,#5,Culex quinquefasciatus,Cxq/Cxq,"St. George, Washington County, UT 9",37.12452,-113.54507,"STGUT019,",002002,STGUT3
STGUT020,#5,Culex quinquefasciatus,Cxq/Cxq,"St. George, Washington County, UT 10",37.12452,-113.54507,"STGUT020,",002002,STGUT3
COOIL001,#5,Culex pipiens pipiens,Cxp/Cxp,"Des Plaines, Cook County, IL",42.031763,-87.930871,"COOIL001,",001001,COOIL1
COOIL002,#5,Culex pipiens pipiens,Cxp/Cxp,"Des Plaines, Cook County, IL",42.031763,-87.930871,"COOIL002,",001001,COOIL1
COOIL003,#5,Culex pipiens pipiens,Cxp/Cxp,"Des Plaines, Cook County, IL",42.031763,-87.930871,"COOIL003,",001001,COOIL1
COOIL004,#5,Culex pipiens pipiens,Cxp/Cxp,"Des Plaines, Cook County, IL",42.031763,-87.930871,"COOIL004,",001001,COOIL1
COOIL005,#5,Culex pipiens pipiens,Cxp/Cxp,"Des Plaines, Cook County, IL",42.031763,-87.930871,"COOIL005,",001001,COOIL1
COOIL006,#5,Culex pipiens pipiens,Cxp/Cxp,"Des Plaines, Cook County, IL",42.031763,-87.930871,"COOIL006,",001001,COOIL1
COOIL007,#5,Culex pipiens pipiens,Cxp/Cxp,"Des Plaines, Cook County, IL",42.031763,-87.930871,"COOIL007,",001001,COOIL1
COOIL008,#5,Culex pipiens pipiens,Cxp/Cxp,"Des Plaines, Cook County, IL",42.031763,-87.930871,"COOIL008,",001001,COOIL1
COOIL009,#5,NA,NA,"Des Plaines, Cook County, IL",42.031763,-87.930871,"COOIL009,",000000,COOIL1
COOIL010,#5,Culex pipiens pipiens,Cxp/Cxp,"Des Plaines, Cook County, IL",42.031763,-87.930871,"COOIL010,",001001,COOIL1
COOIL011,#5,NA,NA,"Arlington Heights, Cook County, IL",42.060828,-87.98958,"COOIL011,",000000,COOIL2
COOIL012,#5,Culex pipiens pipiens,Cxp/Cxp,"Arlington Heights, Cook County, IL",42.060828,-87.98958,"COOIL012,",001001,COOIL2
COOIL013,#5,Culex pipiens pipiens,Cxp/Cxp,"Arlington Heights, Cook County, IL",42.060828,-87.98958,"COOIL013,",001001,COOIL2
COOIL014,#5,Culex pipiens pipiens,Cxp/Cxp,"Arlington Heights, Cook County, IL",42.060828,-87.98958,"COOIL014,",001001,COOIL2
COOIL015,#5,Culex pipiens pipiens,Cxp/Cxp,"Arlington Heights, Cook County, IL",42.060828,-87.98958,"COOIL015,",001001,COOIL2
COOIL016,#5,NA,NA,"Arlington Heights, Cook County, IL",42.060828,-87.98958,"COOIL016,",000000,COOIL2
COOIL017,#5,Culex pipiens pipiens,Cxp/Cxp,"Arlington Heights, Cook County, IL",42.060828,-87.98958,"COOIL017,",001001,COOIL2
COOIL018,#5,Culex pipiens pipiens,Cxp/Cxp,"Arlington Heights, Cook County, IL",42.060828,-87.98958,"COOIL018,",001001,COOIL2
COOIL019,#5,Culex pipiens pipiens,Cxp/Cxp,"Arlington Heights, Cook County, IL",42.060828,-87.98958,"COOIL019,",001001,COOIL2
COOIL020,#5,Culex pipiens pipiens,Cxp/Cxp,"Arlington Heights, Cook County, IL",42.060828,-87.98958,"COOIL020,",001001,COOIL2
SLILA001,#5,Culex quinquefasciatus,Cxq/Cxq,"Hunter's Creek Drive, Slidell, LA",30.327,-89.749,"SLILA001,",002002,SLILA
SLILA002,#5,Culex quinquefasciatus,Cxq/Cxq,"Hunter's Creek Drive, Slidell, LA",30.327,-89.749,"SLILA002,",002002,SLILA
SLILA003,#5,Culex quinquefasciatus,Cxq/Cxq,"Hunter's Creek Drive, Slidell, LA",30.327,-89.749,"SLILA003,",002002,SLILA
SLILA004,#5,Culex quinquefasciatus,Cxq/Cxq,"Hunter's Creek Drive, Slidell, LA",30.327,-89.749,"SLILA004,",002002,SLILA
SLILA005,#5,hybrid,Cxp/Cxq,"Hunter's Creek Drive, Slidell, LA",30.327,-89.749,"SLILA005,",001002,SLILA
SLILA006,#5,Culex quinquefasciatus,Cxq/Cxq,"Hunter's Creek Drive, Slidell, LA",30.327,-89.749,"SLILA006,",002002,SLILA
SLILA007,#5,Culex quinquefasciatus,Cxq/Cxq,"Hunter's Creek Drive, Slidell, LA",30.327,-89.749,"SLILA007,",002002,SLILA
SLILA008,#5,Culex quinquefasciatus,Cxq/Cxq,"Hunter's Creek Drive, Slidell, LA",30.327,-89.749,"SLILA008,",002002,SLILA
SLILA009,#5,Culex quinquefasciatus,Cxq/Cxq,"Hunter's Creek Drive, Slidell, LA",30.327,-89.749,"SLILA009,",002002,SLILA
SLILA010,#5,Culex quinquefasciatus,Cxq/Cxq,"Hunter's Creek Drive, Slidell, LA",30.327,-89.749,"SLILA010,",002002,SLILA
SLILA011,#5,Culex quinquefasciatus,Cxq/Cxq,"Hunter's Creek Drive, Slidell, LA",30.327,-89.749,"SLILA011,",002002,SLILA
SLILA012,#5,Culex quinquefasciatus,Cxq/Cxq,"Hunter's Creek Drive, Slidell, LA",30.327,-89.749,"SLILA012,",002002,SLILA
SLILA013,#5,Culex quinquefasciatus,Cxq/Cxq,"Hunter's Creek Drive, Slidell, LA",30.327,-89.749,"SLILA013,",002002,SLILA
SLILA014,#5,Culex quinquefasciatus,Cxq/Cxq,"Hunter's Creek Drive, Slidell, LA",30.327,-89.749,"SLILA014,",002002,SLILA
SLILA015,#5,Culex quinquefasciatus,Cxq/Cxq,"Hunter's Creek Drive, Slidell, LA",30.327,-89.749,"SLILA015,",002002,SLILA
SLILA016,#5,Culex quinquefasciatus,Cxq/Cxq,"Hunter's Creek Drive, Slidell, LA",30.327,-89.749,"SLILA016,",002002,SLILA
SLILA017,#5,Culex quinquefasciatus,Cxq/Cxq,"Hunter's Creek Drive, Slidell, LA",30.327,-89.749,"SLILA017,",002002,SLILA
SLILA018,#5,Culex quinquefasciatus,Cxq/Cxq,"Hunter's Creek Drive, Slidell, LA",30.327,-89.749,"SLILA018,",002002,SLILA
SLILA019,#5,Culex quinquefasciatus,Cxq/Cxq,"Hunter's Creek Drive, Slidell, LA",30.327,-89.749,"SLILA019,",002002,SLILA
SLILA020,#5,NA,NA,"Hunter's Creek Drive, Slidell, LA",30.327,-89.749,"SLILA020,",000000,SLILA
PHOAZ001,#5,Culex quinquefasciatus,Cxq/Cxq,"Phoenix, Maricopa County, AZ",33.4484367,-112.074141,"PHOAZ001,",002002,PHOAZ
PHOAZ002,#5,Culex quinquefasciatus,Cxq/Cxq,"Phoenix, Maricopa County, AZ",33.4484367,-112.074141,"PHOAZ002,",002002,PHOAZ
PHOAZ003,#5,Culex quinquefasciatus,Cxq/Cxq,"Phoenix, Maricopa County, AZ",33.4484367,-112.074141,"PHOAZ003,",002002,PHOAZ
PHOAZ004,#5,Culex quinquefasciatus,Cxq/Cxq,"Phoenix, Maricopa County, AZ",33.4484367,-112.074141,"PHOAZ004,",002002,PHOAZ
PHOAZ005,#5,Culex quinquefasciatus,Cxq/Cxq,"Phoenix, Maricopa County, AZ",33.4484367,-112.074141,"PHOAZ005,",002002,PHOAZ
PHOAZ006,#5,Culex quinquefasciatus,Cxq/Cxq,"Phoenix, Maricopa County, AZ",33.4484367,-112.074141,"PHOAZ006,",002002,PHOAZ
PHOAZ007,#5,Culex quinquefasciatus,Cxq/Cxq,"Phoenix, Maricopa County, AZ",33.4484367,-112.074141,"PHOAZ007,",002002,PHOAZ
PHOAZ008,#5,Culex quinquefasciatus,Cxq/Cxq,"Phoenix, Maricopa County, AZ",33.4484367,-112.074141,"PHOAZ008,",002002,PHOAZ
PHOAZ009,#5,Culex quinquefasciatus,Cxq/Cxq,"Phoenix, Maricopa County, AZ",33.4484367,-112.074141,"PHOAZ009,",002002,PHOAZ
PHOAZ010,#5,Culex quinquefasciatus,Cxq/Cxq,"Phoenix, Maricopa County, AZ",33.4484367,-112.074141,"PHOAZ010,",002002,PHOAZ
PHOAZ011,#5,Culex quinquefasciatus,Cxq/Cxq,"Phoenix, Maricopa County, AZ",33.4484367,-112.074141,"PHOAZ011,",002002,PHOAZ
PHOAZ012,#5,Culex quinquefasciatus,Cxq/Cxq,"Phoenix, Maricopa County, AZ",33.4484367,-112.074141,"PHOAZ012,",002002,PHOAZ
PHOAZ013,#5,Culex quinquefasciatus,Cxq/Cxq,"Phoenix, Maricopa County, AZ",33.4484367,-112.074141,"PHOAZ013,",002002,PHOAZ
PHOAZ014,#5,Culex quinquefasciatus,Cxq/Cxq,"Phoenix, Maricopa County, AZ",33.4484367,-112.074141,"PHOAZ014,",002002,PHOAZ
PHOAZ015,#5,Culex quinquefasciatus,Cxq/Cxq,"Phoenix, Maricopa County, AZ",33.4484367,-112.074141,"PHOAZ015,",002002,PHOAZ
PHOAZ016,#5,Culex quinquefasciatus,Cxq/Cxq,"Phoenix, Maricopa County, AZ",33.4484367,-112.074141,"PHOAZ016,",002002,PHOAZ
PHOAZ017,#5,Culex quinquefasciatus,Cxq/Cxq,"Phoenix, Maricopa County, AZ",33.4484367,-112.074141,"PHOAZ017,",002002,PHOAZ
PHOAZ018,#5,Culex quinquefasciatus,Cxq/Cxq,"Phoenix, Maricopa County, AZ",33.4484367,-112.074141,"PHOAZ018,",002002,PHOAZ
PHOAZ019,#5,Culex quinquefasciatus,Cxq/Cxq,"Phoenix, Maricopa County, AZ",33.4484367,-112.074141,"PHOAZ019,",002002,PHOAZ
PHOAZ020,#5,Culex quinquefasciatus,Cxq/Cxq,"Phoenix, Maricopa County, AZ",33.4484367,-112.074141,"PHOAZ020,",002002,PHOAZ